{
    "thresholds": {
        "0": {
            "watch": 0.14956605434417725,
            "warning": 0.1839415580034256,
            "critical": 0.2862164378166199
        },
        "1": {
            "watch": 0.10132964700460434,
            "warning": 0.1230236291885376,
            "critical": 0.19007614254951477
        },
        "2": {
            "watch": 0.11383092403411865,
            "warning": 0.13266359269618988,
            "critical": 0.17868541181087494
        },
        "3": {
            "watch": 0.1330668330192566,
            "warning": 0.1612144410610199,
            "critical": 0.23795835673809052
        },
        "4": {
            "watch": 0.12247762084007263,
            "warning": 0.14836172759532928,
            "critical": 0.2212274670600891
        },
        "5": {
            "watch": 0.10685029625892639,
            "warning": 0.12895552814006805,
            "critical": 0.1933642327785492
        },
        "global": {
            "watch": 0.1154981479048729,
            "warning": 0.1406479775905609,
            "critical": 0.2124224156141281
        }
    },
    "adjustment_step": 0.02,
    "feedback_records_used": 0
}